{
  "Mexico": 1880.0500651522236,
  "South Africa": 1634.528715479013,
  "South Korea": 1816.9354429996035,
  "Czech Republic": 1704.1466152348723,
  "Canada": 1789.5534946193736,
  "Bosnia and Herzegovina": 1591.418751444105,
  "Qatar": 1602.710439571923,
  "Switzerland": 1803.1505720969365,
  "Brazil": 1916.7440896394496,
  "Morocco": 1908.1813386793456,
  "Haiti": 1618.7667200272383,
  "Scotland": 1717.052288016458,
  "United States": 1802.082263583002,
  "Paraguay": 1773.7572931627903,
  "Australia": 1810.3415039906845,
  "Turkey": 1824.2820895440511,
  "Germany": 1905.6503118685637,
  "Cura\u00e7ao": 1536.5416358934567,
  "Ivory Coast": 1755.42519567513,
  "Ecuador": 1870.799669378496,
  "Netherlands": 1887.33099539966,
  "Japan": 1897.1238064706945,
  "Sweden": 1703.393597000572,
  "Tunisia": 1695.5204252122962,
  "Belgium": 1822.6647850359443,
  "Egypt": 1741.9084714198682,
  "Iran": 1823.1615608828847,
  "New Zealand": 1630.0787342530325,
  "Spain": 2035.158491468964,
  "Cape Verde": 1618.6431892157154,
  "Saudi Arabia": 1666.8957856573631,
  "Uruguay": 1839.309258157994,
  "France": 1962.9945677492644,
  "Senegal": 1832.804580117928,
  "Iraq": 1710.1173300166613,
  "Norway": 1798.0504652372354,
  "Argentina": 2027.2238166533996,
  "Algeria": 1786.2811476221468,
  "Austria": 1784.1882921655529,
  "Jordan": 1708.1961630935436,
  "Portugal": 1922.1377276166209,
  "DR Congo": 1689.9840039065314,
  "Uzbekistan": 1763.5568019382547,
  "Colombia": 1896.304627709864,
  "England": 1923.744165396308,
  "Croatia": 1845.9598507132416,
  "Ghana": 1569.270265952986,
  "Panama": 1753.266883066943
}